{"round": 1234, "signal": [1.8222657534246631, 0.6258731782436371, 5.852901369863028, 0.2580776661634445, 0.5, 0.496390753054155, 3.2395342465753525, 1.2422262951731682, 0.0, 0.9663195506031161, 2.937671893652162, 4.289320668975004, 2.6308647701544343, 3.048252175824313, 2.7876496571637435, 1.5303860131153475, 1.1285952409739624, 2.6796301369863063, 4.262776766169504, 2.9500372645819537, 2.8052827672847322, 1.1318935006856918, 2.7694249428231834, 2.9928652873340322, 0.0, 4.306534268863347, 5.52828409289531, 1.8953635664069641, 0.5, 0.6718243692797273, 2.152636604283771, 0.2944951813233888, 0.984592356325833, 2.0644332267130845, 1.679630136986306, 0.25422287732362747, 4.832274582117401, 0.9544702413444706, 1.0, 4.998295401800187, 0.11989691853523254, 0.11989691853523254, 0.13189350068569183, 1.125873178243637, 1.0730123653591501]}