{"round": 1233, "signal": [1.0, 1.9042216075340934, 3.8774333333333377, 1.12690951217408, 0.5, 0.0, 3.0734747294188005, 0.2619410529732704, 1.12690951217408, 1.2551666666666648, 0.7705000000000015, 5.685428607507568, 6.928601016206931, 0.134754940867424, 2.3772285730759353, 1.86867073370618, 3.7718877474802732, 3.7058295484044135, 1.7655164777159196, 2.5503292839481135, 1.9311428455074138, 0.12775744497776031, 0.6233340874314308, 3.253487747480271, 2.268712526988351, 0.705462617281443, 8.198663635835848, 1.1585590079069337, 2.2919666666666685, 2.1872797950109515, 2.5670666666666677, 1.071095338400252, 3.2161684369716905, 5.074470680033585, 0.8448666666666703, 1.136432334780693, 2.752940298875179, 1.0, 2.8974962150710826, 0.7663644105195999, 0.0, 1.5600203267155077, 0.9083216075340899, 0.5, 1.4319907783110941]}