{"round": 1233, "signal": [1.1914954912128286, 0.0, 3.3066410424053054, 0.5, 1.8332924069656875, 2.751312834493574, 1.032909400557624, 0.14346428215503693, 1.0383139979305105, 3.859250684844058, 1.6744409799554547, 2.835750362751749, 5.600831910534792, 1.831712008945603, 3.026551270685935, 2.440707474098219, 3.272687593384451, 1.574826325293003, 3.2813657544662327, 0.6608410328626633, 1.6874233985072546, 1.440707474098219, 0.5, 2.6910890868596873, 0.5, 1.2508793492875685, 10.143850446342771, 1.3976663343621902, 0.0, 2.6148625386020794, 1.7675427263443748, 0.5, 3.5690470301872654, 4.010859719163909, 3.4522286951639787, 1.3888757238307345, 3.3230277565425657, 2.7440539151090473, 0.31415683031082153, 2.698545264488502, 0.3216504156589508, 0.5, 0.5, 2.3648948620361363, 4.1108606077406105]}