{"round": 1232, "signal": [2.175639634026987, 0.1360926628112793, 3.6029484978540824, 1.5, 0.9065080446362933, 1.5, 2.4351373390558004, 0.6299507928252658, 0.0, 0.5, 0.878706396716861, 1.016983781061461, 4.215321030042922, 1.3030751072961393, 2.1189540117093824, 1.8203497854077275, 3.5072438425792347, 1.1166248971582737, 2.700317490734772, 3.0146140029597652, 2.3994108268143166, 1.4064976906719608, 0.0, 6.5977425019918154, 1.6287220351149188, 3.631378061061124, 4.53839777956682, 2.2224515723555376, 0.0, 0.7970037460327148, 4.309018018300738, 0.5, 1.9793138306009799, 5.92208444352447, 2.653874645002269, 1.2942181658329086, 3.6073696179713304, 0.5, 0.9713622209631855, 3.7670467844620146, 0.0, 1.6166248971582737, 0.6360926628112793, 1.6310832220721923, 2.1207547210300444]}